<?xml version="1.0" encoding="UTF-8"?>
<web-app version="3.1" xmlns="http://xmlns.jcp.org/xml/ns/javaee" xmlns:xsi="http://www.w3.org/2001/XMLSchema-instance" xsi:schemaLocation="http://xmlns.jcp.org/xml/ns/javaee     http://xmlns.jcp.org/xml/ns/javaee/web-app_3_1.xsd">
    <welcome-file-list>
        <welcome-file>index.html</welcome-file>
    </welcome-file-list>
    <filter>
        <filter-name>UrlRewriteFilter</filter-name>
        <filter-class>org.tuckey.web.filters.urlrewrite.UrlRewriteFilter</filter-class>
        <!--<init-param>
            <param-name>logLevel</param-name>
            <param-value>DEBUG</param-value>
        </init-param>-->
    </filter>
    <filter-mapping>
        <filter-name>UrlRewriteFilter</filter-name>
        <url-pattern>/*</url-pattern>
        <dispatcher>REQUEST</dispatcher>
        <dispatcher>FORWARD</dispatcher>
    </filter-mapping>
   
    <security-constraint>
        <web-resource-collection>
            <web-resource-name>Lister</web-resource-name>
            <url-pattern>/*</url-pattern>
        </web-resource-collection>
        <user-data-constraint>
            <!--forse https: <transport-guarantee>CONFIDENTIAL</transport-guarantee>-->
            <transport-guarantee>NONE</transport-guarantee>
        </user-data-constraint>
    </security-constraint>

    <servlet>
        <servlet-name>LoginServlet</servlet-name>
        <servlet-class>com.lister.servlets.LoginServlet</servlet-class>
    </servlet>
    <servlet>
        <servlet-name>SignUpServlet</servlet-name>
        <servlet-class>com.lister.servlets.SignUpServlet</servlet-class>
    </servlet>
    <servlet-mapping>
        <servlet-name>LoginServlet</servlet-name>
        <url-pattern>/LoginServlet</url-pattern>
    </servlet-mapping>
    <servlet-mapping>
        <servlet-name>SignUpServlet</servlet-name>
        <url-pattern>/SignUpServlet</url-pattern>
    </servlet-mapping>
    <listener>
        <listener-class>com.lister.listeners.SessionListener</listener-class>
    </listener>
    <session-config>
        <session-timeout>30</session-timeout>
    </session-config>
</web-app>
